patient,trans_f1,trans_recall,trans_precision
P1,0.15384615384615383,0.25,0.1111111111111111
P3,0.0,0.0,0.0
P4,0.0,0.0,0.0
P5,0.0,0.0,0.0
P6,0.15384615384615383,0.25,0.1111111111111111
P7,0.2,0.25,0.16666666666666666
P8,0.16666666666666666,0.25,0.125
