patient,trans_f1,trans_recall,trans_precision
P1,0.16666666666666666,0.25,0.125
P3,0.0,0.0,0.0
P4,0.25,0.25,0.25
P5,0.18181818181818182,0.25,0.14285714285714285
P6,0.25,0.25,0.25
P7,0.2,0.25,0.16666666666666666
P8,0.2,0.25,0.16666666666666666
