source,target,score
EryP,EryP,0.8488888350742813
HSCs,HSCs,0.8241439691842792
LMPPs,HSCs,0.4704138106593852
LMPPs,LMPPs,0.4211848041614322
MKP,HSCs,0.26846796602283607
MKP,MKP,0.5425015893898957
MYP,LMPPs,0.24201120015747696
MYP,MYP,0.9304845947663937
eosiP,eosiP,0.5197365452440418
HSCs,LMPPs,0.23786759221015127
LMPPs,MYP,0.2856554546746773
eosiP,MYP,0.2475163035811832
eosiP,EryP,0.2442540105045318
