source,target,score
LMPPs,LMPPs,0.99951956029679
MKP,MKP,0.9999999999992587
MYP,MYP,1.0000000000000002
HSCs,HSCs,1.0000000000000004
EryP,EryP,0.9999999911097904
LMPPs,MYP,0.7428309762432395
MYP,EryP,0.999999999999646
