source,target,score
EryP,EryP,0.8227306232640151
HSCs,HSCs,0.7112890340666602
LMPPs,HSCs,0.3964879801234158
LMPPs,LMPPs,0.40573608069131056
MKP,HSCs,0.29540077140562687
MKP,MKP,0.5037874121270699
MYP,MYP,0.8823789780204111
eosiP,eosiP,0.49297169930866425
HSCs,LMPPs,0.23271738201745754
LMPPs,MYP,0.20830369553178424
eosiP,MYP,0.22552511799290054
eosiP,EryP,0.2050250020388304
